<?xml version="1.0" encoding="UTF-8"?>
<project-private xmlns="http://www.netbeans.org/ns/project-private/1">
    <editor-bookmarks xmlns="http://www.netbeans.org/ns/editor-bookmarks/2" lastBookmarkId="0"/>
    <open-files xmlns="http://www.netbeans.org/ns/projectui-open-files/2">
        <group>
            <file>file:/F:/SC-360%20Ambiente%20Web%20Cliente/PrimerExamen/public_html/pc.html</file>
            <file>file:/F:/SC-360%20Ambiente%20Web%20Cliente/PrimerExamen/public_html/index.html</file>
            <file>file:/F:/SC-360%20Ambiente%20Web%20Cliente/PrimerExamen/public_html/playstation.html</file>
            <file>file:/F:/SC-360%20Ambiente%20Web%20Cliente/PrimerExamen/public_html/switch.html</file>
            <file>file:/F:/SC-360%20Ambiente%20Web%20Cliente/PrimerExamen/public_html/examen.css</file>
            <file>file:/F:/SC-360%20Ambiente%20Web%20Cliente/PrimerExamen/public_html/acercade.html</file>
            <file>file:/F:/SC-360%20Ambiente%20Web%20Cliente/PrimerExamen/public_html/xone.html</file>
        </group>
    </open-files>
</project-private>
